slug,title,summary,division,team,group,part,tags,owners,confidentiality,body
hello-world,Hello World,첫 번째 샘플 문서,DX,DX-Team,DX-Group,common,intro|sample,admin@mx.local,internal,"이 문서는 첫 번째 단락입니다.

두 번째 단락은 빈 줄로 구분합니다."
,Auto Slug Sample,슬러그가 비어 있으면 제목에서 자동 도출됩니다,DX,,,,,admin@mx.local,internal,짧은 본문 한 줄.
restricted-spec,제한 등급 명세,confidentiality=restricted 예시,Compliance,,,,confidential,admin@mx.local,restricted,기밀 본문입니다.
public-faq,Public FAQ,누구나 읽을 수 있는 FAQ,Support,,,,faq,admin@mx.local,public,"Q. 무엇입니까?

A. 답변입니다."
multi-owner,여러 소유자,owners 는 파이프로 구분합니다,DX,,,,team,admin@mx.local|owner@mx.local,internal,단락 1.
